6,1,"working on php website development","2013-09-01 02:05:28",screenshot_5240154e962de.png,200,150,0,"2013-09-19 00:00:00","2013-09-23 10:17:50"
2,1,"working on php website development","2013-09-17 03:05:07",screenshot_52400d76e2def.png,100,200,0,"2013-09-17 00:00:00","2013-09-23 09:44:22"
3,1,"working on php website development","2013-09-17 06:11:08",screenshot_523ad9a657514.png,265,545,0,"2013-09-17 00:00:00","2013-09-20 10:31:46"
8,1,"working on php website development","2013-09-23 04:07:15",screenshot_524003494b728.png,200,300,0,"2013-09-21 00:00:00","2013-09-23 16:55:49"
7,1,"working on php website development","2013-09-23 04:13:18",screenshot_523fff38c57a7.png,200,130,0,"2013-09-21 00:00:00","2013-09-23 16:54:47"
10,1,"working on php website development","2013-09-24 00:00:00",,511,300,0,"2013-09-24 03:06:16","2013-09-25 12:30:25"
11,1,"working on php website development","2013-09-24 01:02:07",,5613,2165,0,"2013-09-24 00:00:00","2013-09-24 15:58:42"
12,1,"working on php website development","2013-09-24 01:02:07",screenshot_5242c72bd1092.jpeg,5456,5345,0,"2013-09-25 11:21:15","2013-09-25 11:21:15"
13,1,"working on php website development","2013-09-26 14:08:00",,2151,5561,0,"2013-09-26 08:35:20","2013-09-26 08:38:16"
14,1,"working on php website development","2013-10-10 14:08:00",screenshot_5253d03221477.jpeg,500,300,1,"2013-10-08 14:58:18","2013-10-10 17:16:33"
15,1,test,"2013-10-10 14:08:00",screenshot_5253e90ae96a3.png,120,200,1,"2013-10-08 16:44:18","2013-10-10 17:16:33"
